PolicyName,PolicyType,PolicyDescription,PolicyOwnerType,PolicyOwner,PolicyEnabled,ExternalReference,Tags,Query1Name,Query1,Query2Name,Query2,ViolationOwnerType,ViolationOwner,MitigatingControls,CorrectionAdvice,Actions,PolicySchedule,CertificationName,CertificationDescription,CertificationSchedule
Accounting General vs. Invoicing,SOD,This policy looks across multiple applications for Accounting General and Invoicing conflicts in accordance with SOX 2.0 compliance controls.,IDENTITY,mostafa.helmy,FALSE,https://www.sec.gov/info/smallbus/404guide/intro.shtml,"SOX,ACCOUNTING",Accounting General,"name:""AccountingGeneral"" AND source.name:""Active Directory""",Invoicing,"name:""Invoice"" AND source.name:""Active Directory""",IDENTITY,mostafa.helmy,Risk manager daily review - check for unauthorized supplier creation and review of daily transactions.,Remove the Accounting General or Invoicing conflicts or get VP approval.,"REPORT,CERTIFY",MONTHLY,SoD Campaign - Accounting General vs. Invoicing - Monthly,This campaign reviews users with access across multiple applications for Accounting General and Invoicing conflicts in accordance with SOX 2.0 compliance controls.,MONTHLY
Accounts Payable vs. Accounts Receivable,SOD,This policy looks across multiple applications for Accounts Receivable and Payable conflicts in accordance with SOX 2.0 compliance controls.,IDENTITY,mostafa.helmy,Yes,https://www.sec.gov/info/smallbus/404guide/intro.shtml,"SOX,ACCOUNTING",Accounts Payable,"name:""AccountsPayable""",Accounts Receivable,"name:""AccountsReceivable""",MANAGER,,Manager daily review - check for unauthorized supplier creation and review of daily transactions.,Remove one of the Accounts Payable or Accounts Receivable conflicts or get VP approval.,,,,,
Accounts Payable vs. Accounts Receivable - Weekly,SOD,This policy looks across multiple applications for Accounts Receivable and Payable conflicts in accordance with SOX 2.0 compliance controls.,GOVERNANCE_GROUP,Accounting,TRUE,https://www.sec.gov/info/smallbus/404guide/intro.shtml,"SOX,ACCOUNTING",Accounts Payable,tags:SOD_AP,Accounts Receivable,tags:SOD_AR,GOVERNANCE_GROUP,Accounting,Accounting Team daily review - check for unauthorized supplier creation and review of daily transactions.,Remove one of the Accounts Payable or Accounts Receivable conflicts or get VP approval.,REPORT,WEEKLY,,,
Sample Policy 1,SOD,This is a sample policy meant to fail but check performance.,IDENTITY,mostafa.helmy,TRUE,https://www.sec.gov/info/smallbus/404guide/intro.shtml,"SOX,ACCOUNTING",Sample Left,tags:LEFT_TAG1,Sample Right,tags:LEFT_TAG2,IDENTITY,mostafa.helmy,Accounting Team daily review - check for unauthorized supplier creation and review of daily transactions.,Remove one of the Cash In or Cash Out conflicts or get VP approval.,,,,,
Sample Policy 2,SOD,This is a sample policy meant to fail but check performance.,IDENTITY,mostafa.helmy,TRUE,https://www.sec.gov/info/smallbus/404guide/intro.shtml,"SOX,ACCOUNTING",Sample Left,tags:LEFT_TAG2,Sample Right,tags:LEFT_TAG3,IDENTITY,mostafa.helmy,Accounting Team daily review - check for unauthorized supplier creation and review of daily transactions.,Remove one of the Cash In or Cash Out conflicts or get VP approval.,,,,,
Sample Policy 3,SOD,This is a sample policy meant to fail but check performance.,IDENTITY,mostafa.helmy,TRUE,https://www.sec.gov/info/smallbus/404guide/intro.shtml,"SOX,ACCOUNTING",Sample Left,tags:LEFT_TAG3,Sample Right,tags:LEFT_TAG4,IDENTITY,mostafa.helmy,Accounting Team daily review - check for unauthorized supplier creation and review of daily transactions.,Remove one of the Cash In or Cash Out conflicts or get VP approval.,,,,,
Sample Policy 4,SOD,This is a sample policy meant to fail but check performance.,IDENTITY,mostafa.helmy,TRUE,https://www.sec.gov/info/smallbus/404guide/intro.shtml,"SOX,ACCOUNTING",Sample Left,tags:LEFT_TAG4,Sample Right,tags:LEFT_TAG5,IDENTITY,mostafa.helmy,Accounting Team daily review - check for unauthorized supplier creation and review of daily transactions.,Remove one of the Cash In or Cash Out conflicts or get VP approval.,,,,,
Sample Policy 5,SOD,This is a sample policy meant to fail but check performance.,IDENTITY,mostafa.helmy,TRUE,https://www.sec.gov/info/smallbus/404guide/intro.shtml,"SOX,ACCOUNTING",Sample Left,tags:LEFT_TAG5,Sample Right,tags:LEFT_TAG6,IDENTITY,mostafa.helmy,Accounting Team daily review - check for unauthorized supplier creation and review of daily transactions.,Remove one of the Cash In or Cash Out conflicts or get VP approval.,,,,,
Sample Policy 6,SOD,This is a sample policy meant to fail but check performance.,IDENTITY,mostafa.helmy,TRUE,https://www.sec.gov/info/smallbus/404guide/intro.shtml,"SOX,ACCOUNTING",Sample Left,tags:LEFT_TAG6,Sample Right,tags:LEFT_TAG7,IDENTITY,mostafa.helmy,Accounting Team daily review - check for unauthorized supplier creation and review of daily transactions.,Remove one of the Cash In or Cash Out conflicts or get VP approval.,,,,,
Sample Policy 7,SOD,This is a sample policy meant to fail but check performance.,IDENTITY,mostafa.helmy,TRUE,https://www.sec.gov/info/smallbus/404guide/intro.shtml,"SOX,ACCOUNTING",Sample Left,tags:LEFT_TAG7,Sample Right,tags:LEFT_TAG8,IDENTITY,mostafa.helmy,Accounting Team daily review - check for unauthorized supplier creation and review of daily transactions.,Remove one of the Cash In or Cash Out conflicts or get VP approval.,,,,,
Sample Policy 8,SOD,This is a sample policy meant to fail but check performance.,IDENTITY,mostafa.helmy,TRUE,https://www.sec.gov/info/smallbus/404guide/intro.shtml,"SOX,ACCOUNTING",Sample Left,tags:LEFT_TAG8,Sample Right,tags:LEFT_TAG9,IDENTITY,mostafa.helmy,Accounting Team daily review - check for unauthorized supplier creation and review of daily transactions.,Remove one of the Cash In or Cash Out conflicts or get VP approval.,,,,,
Sample Policy 9,SOD,This is a sample policy meant to fail but check performance.,IDENTITY,mostafa.helmy,TRUE,https://www.sec.gov/info/smallbus/404guide/intro.shtml,"SOX,ACCOUNTING",Sample Left,tags:LEFT_TAG9,Sample Right,tags:LEFT_TAG10,IDENTITY,mostafa.helmy,Accounting Team daily review - check for unauthorized supplier creation and review of daily transactions.,Remove one of the Cash In or Cash Out conflicts or get VP approval.,,,,,
Sample Policy 10,SOD,This is a sample policy meant to fail but check performance.,IDENTITY,mostafa.helmy,TRUE,https://www.sec.gov/info/smallbus/404guide/intro.shtml,"SOX,ACCOUNTING",Sample Left,tags:LEFT_TAG10,Sample Right,tags:LEFT_TAG11,IDENTITY,mostafa.helmy,Accounting Team daily review - check for unauthorized supplier creation and review of daily transactions.,Remove one of the Cash In or Cash Out conflicts or get VP approval.,,,,,
Sample Policy 11,SOD,This is a sample policy meant to fail but check performance.,IDENTITY,mostafa.helmy,TRUE,https://www.sec.gov/info/smallbus/404guide/intro.shtml,"SOX,ACCOUNTING",Sample Left,tags:LEFT_TAG11,Sample Right,tags:LEFT_TAG12,IDENTITY,mostafa.helmy,Accounting Team daily review - check for unauthorized supplier creation and review of daily transactions.,Remove one of the Cash In or Cash Out conflicts or get VP approval.,,,,,
Sample Policy 12,SOD,This is a sample policy meant to fail but check performance.,IDENTITY,mostafa.helmy,TRUE,https://www.sec.gov/info/smallbus/404guide/intro.shtml,"SOX,ACCOUNTING",Sample Left,tags:LEFT_TAG12,Sample Right,tags:LEFT_TAG13,IDENTITY,mostafa.helmy,Accounting Team daily review - check for unauthorized supplier creation and review of daily transactions.,Remove one of the Cash In or Cash Out conflicts or get VP approval.,,,,,
Sample Policy 13,SOD,This is a sample policy meant to fail but check performance.,IDENTITY,mostafa.helmy,TRUE,https://www.sec.gov/info/smallbus/404guide/intro.shtml,"SOX,ACCOUNTING",Sample Left,tags:LEFT_TAG13,Sample Right,tags:LEFT_TAG14,IDENTITY,mostafa.helmy,Accounting Team daily review - check for unauthorized supplier creation and review of daily transactions.,Remove one of the Cash In or Cash Out conflicts or get VP approval.,,,,,
Sample Policy 14,SOD,This is a sample policy meant to fail but check performance.,IDENTITY,mostafa.helmy,TRUE,https://www.sec.gov/info/smallbus/404guide/intro.shtml,"SOX,ACCOUNTING",Sample Left,tags:LEFT_TAG14,Sample Right,tags:LEFT_TAG15,IDENTITY,mostafa.helmy,Accounting Team daily review - check for unauthorized supplier creation and review of daily transactions.,Remove one of the Cash In or Cash Out conflicts or get VP approval.,,,,,
Sample Policy 15,SOD,This is a sample policy meant to fail but check performance.,IDENTITY,mostafa.helmy,TRUE,https://www.sec.gov/info/smallbus/404guide/intro.shtml,"SOX,ACCOUNTING",Sample Left,tags:LEFT_TAG15,Sample Right,tags:LEFT_TAG16,IDENTITY,mostafa.helmy,Accounting Team daily review - check for unauthorized supplier creation and review of daily transactions.,Remove one of the Cash In or Cash Out conflicts or get VP approval.,,,,,
Sample Policy 16,SOD,This is a sample policy meant to fail but check performance.,IDENTITY,mostafa.helmy,TRUE,https://www.sec.gov/info/smallbus/404guide/intro.shtml,"SOX,ACCOUNTING",Sample Left,tags:LEFT_TAG16,Sample Right,tags:LEFT_TAG17,IDENTITY,mostafa.helmy,Accounting Team daily review - check for unauthorized supplier creation and review of daily transactions.,Remove one of the Cash In or Cash Out conflicts or get VP approval.,,,,,
Sample Policy 17,SOD,This is a sample policy meant to fail but check performance.,IDENTITY,mostafa.helmy,TRUE,https://www.sec.gov/info/smallbus/404guide/intro.shtml,"SOX,ACCOUNTING",Sample Left,tags:LEFT_TAG17,Sample Right,tags:LEFT_TAG18,IDENTITY,mostafa.helmy,Accounting Team daily review - check for unauthorized supplier creation and review of daily transactions.,Remove one of the Cash In or Cash Out conflicts or get VP approval.,,,,,
Sample Policy 18,SOD,This is a sample policy meant to fail but check performance.,IDENTITY,mostafa.helmy,TRUE,https://www.sec.gov/info/smallbus/404guide/intro.shtml,"SOX,ACCOUNTING",Sample Left,tags:LEFT_TAG18,Sample Right,tags:LEFT_TAG19,IDENTITY,mostafa.helmy,Accounting Team daily review - check for unauthorized supplier creation and review of daily transactions.,Remove one of the Cash In or Cash Out conflicts or get VP approval.,,,,,
Sample Policy 19,SOD,This is a sample policy meant to fail but check performance.,IDENTITY,mostafa.helmy,TRUE,https://www.sec.gov/info/smallbus/404guide/intro.shtml,"SOX,ACCOUNTING",Sample Left,tags:LEFT_TAG19,Sample Right,tags:LEFT_TAG20,IDENTITY,mostafa.helmy,Accounting Team daily review - check for unauthorized supplier creation and review of daily transactions.,Remove one of the Cash In or Cash Out conflicts or get VP approval.,,,,,
Sample Policy 20,SOD,This is a sample policy meant to fail but check performance.,IDENTITY,mostafa.helmy,TRUE,https://www.sec.gov/info/smallbus/404guide/intro.shtml,"SOX,ACCOUNTING",Sample Left,tags:LEFT_TAG20,Sample Right,tags:LEFT_TAG21,IDENTITY,mostafa.helmy,Accounting Team daily review - check for unauthorized supplier creation and review of daily transactions.,Remove one of the Cash In or Cash Out conflicts or get VP approval.,,,,,
Sample Policy 21,SOD,This is a sample policy meant to fail but check performance.,IDENTITY,mostafa.helmy,TRUE,https://www.sec.gov/info/smallbus/404guide/intro.shtml,"SOX,ACCOUNTING",Sample Left,tags:LEFT_TAG21,Sample Right,tags:LEFT_TAG22,IDENTITY,mostafa.helmy,Accounting Team daily review - check for unauthorized supplier creation and review of daily transactions.,Remove one of the Cash In or Cash Out conflicts or get VP approval.,,,,,
Sample Policy 22,SOD,This is a sample policy meant to fail but check performance.,IDENTITY,mostafa.helmy,TRUE,https://www.sec.gov/info/smallbus/404guide/intro.shtml,"SOX,ACCOUNTING",Sample Left,tags:LEFT_TAG22,Sample Right,tags:LEFT_TAG23,IDENTITY,mostafa.helmy,Accounting Team daily review - check for unauthorized supplier creation and review of daily transactions.,Remove one of the Cash In or Cash Out conflicts or get VP approval.,,,,,
Sample Policy 23,SOD,This is a sample policy meant to fail but check performance.,IDENTITY,mostafa.helmy,TRUE,https://www.sec.gov/info/smallbus/404guide/intro.shtml,"SOX,ACCOUNTING",Sample Left,tags:LEFT_TAG23,Sample Right,tags:LEFT_TAG24,IDENTITY,mostafa.helmy,Accounting Team daily review - check for unauthorized supplier creation and review of daily transactions.,Remove one of the Cash In or Cash Out conflicts or get VP approval.,,,,,
Sample Policy 24,SOD,This is a sample policy meant to fail but check performance.,IDENTITY,mostafa.helmy,TRUE,https://www.sec.gov/info/smallbus/404guide/intro.shtml,"SOX,ACCOUNTING",Sample Left,tags:LEFT_TAG24,Sample Right,tags:LEFT_TAG25,IDENTITY,mostafa.helmy,Accounting Team daily review - check for unauthorized supplier creation and review of daily transactions.,Remove one of the Cash In or Cash Out conflicts or get VP approval.,,,,,
Sample Policy 25,SOD,This is a sample policy meant to fail but check performance.,IDENTITY,mostafa.helmy,TRUE,https://www.sec.gov/info/smallbus/404guide/intro.shtml,"SOX,ACCOUNTING",Sample Left,tags:LEFT_TAG25,Sample Right,tags:LEFT_TAG26,IDENTITY,mostafa.helmy,Accounting Team daily review - check for unauthorized supplier creation and review of daily transactions.,Remove one of the Cash In or Cash Out conflicts or get VP approval.,,,,,
Sample Policy 26,SOD,This is a sample policy meant to fail but check performance.,IDENTITY,mostafa.helmy,TRUE,https://www.sec.gov/info/smallbus/404guide/intro.shtml,"SOX,ACCOUNTING",Sample Left,tags:LEFT_TAG26,Sample Right,tags:LEFT_TAG27,IDENTITY,mostafa.helmy,Accounting Team daily review - check for unauthorized supplier creation and review of daily transactions.,Remove one of the Cash In or Cash Out conflicts or get VP approval.,,,,,
Sample Policy 27,SOD,This is a sample policy meant to fail but check performance.,IDENTITY,mostafa.helmy,TRUE,https://www.sec.gov/info/smallbus/404guide/intro.shtml,"SOX,ACCOUNTING",Sample Left,tags:LEFT_TAG27,Sample Right,tags:LEFT_TAG28,IDENTITY,mostafa.helmy,Accounting Team daily review - check for unauthorized supplier creation and review of daily transactions.,Remove one of the Cash In or Cash Out conflicts or get VP approval.,,,,,
Sample Policy 28,SOD,This is a sample policy meant to fail but check performance.,IDENTITY,mostafa.helmy,TRUE,https://www.sec.gov/info/smallbus/404guide/intro.shtml,"SOX,ACCOUNTING",Sample Left,tags:LEFT_TAG28,Sample Right,tags:LEFT_TAG29,IDENTITY,mostafa.helmy,Accounting Team daily review - check for unauthorized supplier creation and review of daily transactions.,Remove one of the Cash In or Cash Out conflicts or get VP approval.,,,,,
Sample Policy 29,SOD,This is a sample policy meant to fail but check performance.,IDENTITY,mostafa.helmy,TRUE,https://www.sec.gov/info/smallbus/404guide/intro.shtml,"SOX,ACCOUNTING",Sample Left,tags:LEFT_TAG29,Sample Right,tags:LEFT_TAG30,IDENTITY,mostafa.helmy,Accounting Team daily review - check for unauthorized supplier creation and review of daily transactions.,Remove one of the Cash In or Cash Out conflicts or get VP approval.,,,,,
Sample Policy 30,SOD,This is a sample policy meant to fail but check performance.,IDENTITY,mostafa.helmy,TRUE,https://www.sec.gov/info/smallbus/404guide/intro.shtml,"SOX,ACCOUNTING",Sample Left,tags:LEFT_TAG30,Sample Right,tags:LEFT_TAG31,IDENTITY,mostafa.helmy,Accounting Team daily review - check for unauthorized supplier creation and review of daily transactions.,Remove one of the Cash In or Cash Out conflicts or get VP approval.,,,,,
Sample Policy 31,SOD,This is a sample policy meant to fail but check performance.,IDENTITY,mostafa.helmy,TRUE,https://www.sec.gov/info/smallbus/404guide/intro.shtml,"SOX,ACCOUNTING",Sample Left,tags:LEFT_TAG31,Sample Right,tags:LEFT_TAG32,IDENTITY,mostafa.helmy,Accounting Team daily review - check for unauthorized supplier creation and review of daily transactions.,Remove one of the Cash In or Cash Out conflicts or get VP approval.,,,,,
Sample Policy 32,SOD,This is a sample policy meant to fail but check performance.,IDENTITY,mostafa.helmy,TRUE,https://www.sec.gov/info/smallbus/404guide/intro.shtml,"SOX,ACCOUNTING",Sample Left,tags:LEFT_TAG32,Sample Right,tags:LEFT_TAG33,IDENTITY,mostafa.helmy,Accounting Team daily review - check for unauthorized supplier creation and review of daily transactions.,Remove one of the Cash In or Cash Out conflicts or get VP approval.,,,,,
Sample Policy 33,SOD,This is a sample policy meant to fail but check performance.,IDENTITY,mostafa.helmy,TRUE,https://www.sec.gov/info/smallbus/404guide/intro.shtml,"SOX,ACCOUNTING",Sample Left,tags:LEFT_TAG33,Sample Right,tags:LEFT_TAG34,IDENTITY,mostafa.helmy,Accounting Team daily review - check for unauthorized supplier creation and review of daily transactions.,Remove one of the Cash In or Cash Out conflicts or get VP approval.,,,,,
Sample Policy 34,SOD,This is a sample policy meant to fail but check performance.,IDENTITY,mostafa.helmy,TRUE,https://www.sec.gov/info/smallbus/404guide/intro.shtml,"SOX,ACCOUNTING",Sample Left,tags:LEFT_TAG34,Sample Right,tags:LEFT_TAG35,IDENTITY,mostafa.helmy,Accounting Team daily review - check for unauthorized supplier creation and review of daily transactions.,Remove one of the Cash In or Cash Out conflicts or get VP approval.,,,,,
Sample Policy 35,SOD,This is a sample policy meant to fail but check performance.,IDENTITY,mostafa.helmy,TRUE,https://www.sec.gov/info/smallbus/404guide/intro.shtml,"SOX,ACCOUNTING",Sample Left,tags:LEFT_TAG35,Sample Right,tags:LEFT_TAG36,IDENTITY,mostafa.helmy,Accounting Team daily review - check for unauthorized supplier creation and review of daily transactions.,Remove one of the Cash In or Cash Out conflicts or get VP approval.,,,,,
Sample Policy 36,SOD,This is a sample policy meant to fail but check performance.,IDENTITY,mostafa.helmy,TRUE,https://www.sec.gov/info/smallbus/404guide/intro.shtml,"SOX,ACCOUNTING",Sample Left,tags:LEFT_TAG36,Sample Right,tags:LEFT_TAG37,IDENTITY,mostafa.helmy,Accounting Team daily review - check for unauthorized supplier creation and review of daily transactions.,Remove one of the Cash In or Cash Out conflicts or get VP approval.,,,,,
Sample Policy 37,SOD,This is a sample policy meant to fail but check performance.,IDENTITY,mostafa.helmy,TRUE,https://www.sec.gov/info/smallbus/404guide/intro.shtml,"SOX,ACCOUNTING",Sample Left,tags:LEFT_TAG37,Sample Right,tags:LEFT_TAG38,IDENTITY,mostafa.helmy,Accounting Team daily review - check for unauthorized supplier creation and review of daily transactions.,Remove one of the Cash In or Cash Out conflicts or get VP approval.,,,,,
Sample Policy 38,SOD,This is a sample policy meant to fail but check performance.,IDENTITY,mostafa.helmy,TRUE,https://www.sec.gov/info/smallbus/404guide/intro.shtml,"SOX,ACCOUNTING",Sample Left,tags:LEFT_TAG38,Sample Right,tags:LEFT_TAG39,IDENTITY,mostafa.helmy,Accounting Team daily review - check for unauthorized supplier creation and review of daily transactions.,Remove one of the Cash In or Cash Out conflicts or get VP approval.,,,,,
Sample Policy 39,SOD,This is a sample policy meant to fail but check performance.,IDENTITY,mostafa.helmy,TRUE,https://www.sec.gov/info/smallbus/404guide/intro.shtml,"SOX,ACCOUNTING",Sample Left,tags:LEFT_TAG39,Sample Right,tags:LEFT_TAG40,IDENTITY,mostafa.helmy,Accounting Team daily review - check for unauthorized supplier creation and review of daily transactions.,Remove one of the Cash In or Cash Out conflicts or get VP approval.,,,,,
Sample Policy 40,SOD,This is a sample policy meant to fail but check performance.,IDENTITY,mostafa.helmy,TRUE,https://www.sec.gov/info/smallbus/404guide/intro.shtml,"SOX,ACCOUNTING",Sample Left,tags:LEFT_TAG40,Sample Right,tags:LEFT_TAG41,IDENTITY,mostafa.helmy,Accounting Team daily review - check for unauthorized supplier creation and review of daily transactions.,Remove one of the Cash In or Cash Out conflicts or get VP approval.,,,,,
Sample Policy 41,SOD,This is a sample policy meant to fail but check performance.,IDENTITY,mostafa.helmy,TRUE,https://www.sec.gov/info/smallbus/404guide/intro.shtml,"SOX,ACCOUNTING",Sample Left,tags:LEFT_TAG41,Sample Right,tags:LEFT_TAG42,IDENTITY,mostafa.helmy,Accounting Team daily review - check for unauthorized supplier creation and review of daily transactions.,Remove one of the Cash In or Cash Out conflicts or get VP approval.,,,,,
Sample Policy 42,SOD,This is a sample policy meant to fail but check performance.,IDENTITY,mostafa.helmy,TRUE,https://www.sec.gov/info/smallbus/404guide/intro.shtml,"SOX,ACCOUNTING",Sample Left,tags:LEFT_TAG42,Sample Right,tags:LEFT_TAG43,IDENTITY,mostafa.helmy,Accounting Team daily review - check for unauthorized supplier creation and review of daily transactions.,Remove one of the Cash In or Cash Out conflicts or get VP approval.,,,,,
Sample Policy 43,SOD,This is a sample policy meant to fail but check performance.,IDENTITY,mostafa.helmy,TRUE,https://www.sec.gov/info/smallbus/404guide/intro.shtml,"SOX,ACCOUNTING",Sample Left,tags:LEFT_TAG43,Sample Right,tags:LEFT_TAG44,IDENTITY,mostafa.helmy,Accounting Team daily review - check for unauthorized supplier creation and review of daily transactions.,Remove one of the Cash In or Cash Out conflicts or get VP approval.,,,,,
Sample Policy 44,SOD,This is a sample policy meant to fail but check performance.,IDENTITY,mostafa.helmy,TRUE,https://www.sec.gov/info/smallbus/404guide/intro.shtml,"SOX,ACCOUNTING",Sample Left,tags:LEFT_TAG44,Sample Right,tags:LEFT_TAG45,IDENTITY,mostafa.helmy,Accounting Team daily review - check for unauthorized supplier creation and review of daily transactions.,Remove one of the Cash In or Cash Out conflicts or get VP approval.,,,,,
Sample Policy 45,SOD,This is a sample policy meant to fail but check performance.,IDENTITY,mostafa.helmy,TRUE,https://www.sec.gov/info/smallbus/404guide/intro.shtml,"SOX,ACCOUNTING",Sample Left,tags:LEFT_TAG45,Sample Right,tags:LEFT_TAG46,IDENTITY,mostafa.helmy,Accounting Team daily review - check for unauthorized supplier creation and review of daily transactions.,Remove one of the Cash In or Cash Out conflicts or get VP approval.,,,,,
Sample Policy 46,SOD,This is a sample policy meant to fail but check performance.,IDENTITY,mostafa.helmy,TRUE,https://www.sec.gov/info/smallbus/404guide/intro.shtml,"SOX,ACCOUNTING",Sample Left,tags:LEFT_TAG46,Sample Right,tags:LEFT_TAG47,IDENTITY,mostafa.helmy,Accounting Team daily review - check for unauthorized supplier creation and review of daily transactions.,Remove one of the Cash In or Cash Out conflicts or get VP approval.,,,,,
Sample Policy 47,SOD,This is a sample policy meant to fail but check performance.,IDENTITY,mostafa.helmy,TRUE,https://www.sec.gov/info/smallbus/404guide/intro.shtml,"SOX,ACCOUNTING",Sample Left,tags:LEFT_TAG47,Sample Right,tags:LEFT_TAG48,IDENTITY,mostafa.helmy,Accounting Team daily review - check for unauthorized supplier creation and review of daily transactions.,Remove one of the Cash In or Cash Out conflicts or get VP approval.,,,,,
Sample Policy 48,SOD,This is a sample policy meant to fail but check performance.,IDENTITY,mostafa.helmy,TRUE,https://www.sec.gov/info/smallbus/404guide/intro.shtml,"SOX,ACCOUNTING",Sample Left,tags:LEFT_TAG48,Sample Right,tags:LEFT_TAG49,IDENTITY,mostafa.helmy,Accounting Team daily review - check for unauthorized supplier creation and review of daily transactions.,Remove one of the Cash In or Cash Out conflicts or get VP approval.,,,,,
Sample Policy 49,SOD,This is a sample policy meant to fail but check performance.,IDENTITY,mostafa.helmy,TRUE,https://www.sec.gov/info/smallbus/404guide/intro.shtml,"SOX,ACCOUNTING",Sample Left,tags:LEFT_TAG49,Sample Right,tags:LEFT_TAG50,IDENTITY,mostafa.helmy,Accounting Team daily review - check for unauthorized supplier creation and review of daily transactions.,Remove one of the Cash In or Cash Out conflicts or get VP approval.,,,,,
Sample Policy 50,SOD,This is a sample policy meant to fail but check performance.,IDENTITY,mostafa.helmy,TRUE,https://www.sec.gov/info/smallbus/404guide/intro.shtml,"SOX,ACCOUNTING",Sample Left,tags:LEFT_TAG50,Sample Right,tags:LEFT_TAG51,IDENTITY,mostafa.helmy,Accounting Team daily review - check for unauthorized supplier creation and review of daily transactions.,Remove one of the Cash In or Cash Out conflicts or get VP approval.,,,,,
Sample Policy 51,SOD,This is a sample policy meant to fail but check performance.,IDENTITY,mostafa.helmy,TRUE,https://www.sec.gov/info/smallbus/404guide/intro.shtml,"SOX,ACCOUNTING",Sample Left,tags:LEFT_TAG51,Sample Right,tags:LEFT_TAG52,IDENTITY,mostafa.helmy,Accounting Team daily review - check for unauthorized supplier creation and review of daily transactions.,Remove one of the Cash In or Cash Out conflicts or get VP approval.,,,,,
Sample Policy 52,SOD,This is a sample policy meant to fail but check performance.,IDENTITY,mostafa.helmy,TRUE,https://www.sec.gov/info/smallbus/404guide/intro.shtml,"SOX,ACCOUNTING",Sample Left,tags:LEFT_TAG52,Sample Right,tags:LEFT_TAG53,IDENTITY,mostafa.helmy,Accounting Team daily review - check for unauthorized supplier creation and review of daily transactions.,Remove one of the Cash In or Cash Out conflicts or get VP approval.,,,,,
Sample Policy 53,SOD,This is a sample policy meant to fail but check performance.,IDENTITY,mostafa.helmy,TRUE,https://www.sec.gov/info/smallbus/404guide/intro.shtml,"SOX,ACCOUNTING",Sample Left,tags:LEFT_TAG53,Sample Right,tags:LEFT_TAG54,IDENTITY,mostafa.helmy,Accounting Team daily review - check for unauthorized supplier creation and review of daily transactions.,Remove one of the Cash In or Cash Out conflicts or get VP approval.,,,,,
Sample Policy 54,SOD,This is a sample policy meant to fail but check performance.,IDENTITY,mostafa.helmy,TRUE,https://www.sec.gov/info/smallbus/404guide/intro.shtml,"SOX,ACCOUNTING",Sample Left,tags:LEFT_TAG54,Sample Right,tags:LEFT_TAG55,IDENTITY,mostafa.helmy,Accounting Team daily review - check for unauthorized supplier creation and review of daily transactions.,Remove one of the Cash In or Cash Out conflicts or get VP approval.,,,,,
Sample Policy 55,SOD,This is a sample policy meant to fail but check performance.,IDENTITY,mostafa.helmy,TRUE,https://www.sec.gov/info/smallbus/404guide/intro.shtml,"SOX,ACCOUNTING",Sample Left,tags:LEFT_TAG55,Sample Right,tags:LEFT_TAG56,IDENTITY,mostafa.helmy,Accounting Team daily review - check for unauthorized supplier creation and review of daily transactions.,Remove one of the Cash In or Cash Out conflicts or get VP approval.,,,,,
Sample Policy 56,SOD,This is a sample policy meant to fail but check performance.,IDENTITY,mostafa.helmy,TRUE,https://www.sec.gov/info/smallbus/404guide/intro.shtml,"SOX,ACCOUNTING",Sample Left,tags:LEFT_TAG56,Sample Right,tags:LEFT_TAG57,IDENTITY,mostafa.helmy,Accounting Team daily review - check for unauthorized supplier creation and review of daily transactions.,Remove one of the Cash In or Cash Out conflicts or get VP approval.,,,,,
Sample Policy 57,SOD,This is a sample policy meant to fail but check performance.,IDENTITY,mostafa.helmy,TRUE,https://www.sec.gov/info/smallbus/404guide/intro.shtml,"SOX,ACCOUNTING",Sample Left,tags:LEFT_TAG57,Sample Right,tags:LEFT_TAG58,IDENTITY,mostafa.helmy,Accounting Team daily review - check for unauthorized supplier creation and review of daily transactions.,Remove one of the Cash In or Cash Out conflicts or get VP approval.,,,,,
Sample Policy 58,SOD,This is a sample policy meant to fail but check performance.,IDENTITY,mostafa.helmy,TRUE,https://www.sec.gov/info/smallbus/404guide/intro.shtml,"SOX,ACCOUNTING",Sample Left,tags:LEFT_TAG58,Sample Right,tags:LEFT_TAG59,IDENTITY,mostafa.helmy,Accounting Team daily review - check for unauthorized supplier creation and review of daily transactions.,Remove one of the Cash In or Cash Out conflicts or get VP approval.,,,,,
Sample Policy 59,SOD,This is a sample policy meant to fail but check performance.,IDENTITY,mostafa.helmy,TRUE,https://www.sec.gov/info/smallbus/404guide/intro.shtml,"SOX,ACCOUNTING",Sample Left,tags:LEFT_TAG59,Sample Right,tags:LEFT_TAG60,IDENTITY,mostafa.helmy,Accounting Team daily review - check for unauthorized supplier creation and review of daily transactions.,Remove one of the Cash In or Cash Out conflicts or get VP approval.,,,,,
Sample Policy 60,SOD,This is a sample policy meant to fail but check performance.,IDENTITY,mostafa.helmy,TRUE,https://www.sec.gov/info/smallbus/404guide/intro.shtml,"SOX,ACCOUNTING",Sample Left,tags:LEFT_TAG60,Sample Right,tags:LEFT_TAG61,IDENTITY,mostafa.helmy,Accounting Team daily review - check for unauthorized supplier creation and review of daily transactions.,Remove one of the Cash In or Cash Out conflicts or get VP approval.,,,,,
Sample Policy 61,SOD,This is a sample policy meant to fail but check performance.,IDENTITY,mostafa.helmy,TRUE,https://www.sec.gov/info/smallbus/404guide/intro.shtml,"SOX,ACCOUNTING",Sample Left,tags:LEFT_TAG61,Sample Right,tags:LEFT_TAG62,IDENTITY,mostafa.helmy,Accounting Team daily review - check for unauthorized supplier creation and review of daily transactions.,Remove one of the Cash In or Cash Out conflicts or get VP approval.,,,,,
Sample Policy 62,SOD,This is a sample policy meant to fail but check performance.,IDENTITY,mostafa.helmy,TRUE,https://www.sec.gov/info/smallbus/404guide/intro.shtml,"SOX,ACCOUNTING",Sample Left,tags:LEFT_TAG62,Sample Right,tags:LEFT_TAG63,IDENTITY,mostafa.helmy,Accounting Team daily review - check for unauthorized supplier creation and review of daily transactions.,Remove one of the Cash In or Cash Out conflicts or get VP approval.,,,,,
Sample Policy 63,SOD,This is a sample policy meant to fail but check performance.,IDENTITY,mostafa.helmy,TRUE,https://www.sec.gov/info/smallbus/404guide/intro.shtml,"SOX,ACCOUNTING",Sample Left,tags:LEFT_TAG63,Sample Right,tags:LEFT_TAG64,IDENTITY,mostafa.helmy,Accounting Team daily review - check for unauthorized supplier creation and review of daily transactions.,Remove one of the Cash In or Cash Out conflicts or get VP approval.,,,,,
Sample Policy 64,SOD,This is a sample policy meant to fail but check performance.,IDENTITY,mostafa.helmy,TRUE,https://www.sec.gov/info/smallbus/404guide/intro.shtml,"SOX,ACCOUNTING",Sample Left,tags:LEFT_TAG64,Sample Right,tags:LEFT_TAG65,IDENTITY,mostafa.helmy,Accounting Team daily review - check for unauthorized supplier creation and review of daily transactions.,Remove one of the Cash In or Cash Out conflicts or get VP approval.,,,,,
Sample Policy 65,SOD,This is a sample policy meant to fail but check performance.,IDENTITY,mostafa.helmy,TRUE,https://www.sec.gov/info/smallbus/404guide/intro.shtml,"SOX,ACCOUNTING",Sample Left,tags:LEFT_TAG65,Sample Right,tags:LEFT_TAG66,IDENTITY,mostafa.helmy,Accounting Team daily review - check for unauthorized supplier creation and review of daily transactions.,Remove one of the Cash In or Cash Out conflicts or get VP approval.,,,,,
Sample Policy 66,SOD,This is a sample policy meant to fail but check performance.,IDENTITY,mostafa.helmy,TRUE,https://www.sec.gov/info/smallbus/404guide/intro.shtml,"SOX,ACCOUNTING",Sample Left,tags:LEFT_TAG66,Sample Right,tags:LEFT_TAG67,IDENTITY,mostafa.helmy,Accounting Team daily review - check for unauthorized supplier creation and review of daily transactions.,Remove one of the Cash In or Cash Out conflicts or get VP approval.,,,,,
Sample Policy 67,SOD,This is a sample policy meant to fail but check performance.,IDENTITY,mostafa.helmy,TRUE,https://www.sec.gov/info/smallbus/404guide/intro.shtml,"SOX,ACCOUNTING",Sample Left,tags:LEFT_TAG67,Sample Right,tags:LEFT_TAG68,IDENTITY,mostafa.helmy,Accounting Team daily review - check for unauthorized supplier creation and review of daily transactions.,Remove one of the Cash In or Cash Out conflicts or get VP approval.,,,,,
Sample Policy 68,SOD,This is a sample policy meant to fail but check performance.,IDENTITY,mostafa.helmy,TRUE,https://www.sec.gov/info/smallbus/404guide/intro.shtml,"SOX,ACCOUNTING",Sample Left,tags:LEFT_TAG68,Sample Right,tags:LEFT_TAG69,IDENTITY,mostafa.helmy,Accounting Team daily review - check for unauthorized supplier creation and review of daily transactions.,Remove one of the Cash In or Cash Out conflicts or get VP approval.,,,,,
Sample Policy 69,SOD,This is a sample policy meant to fail but check performance.,IDENTITY,mostafa.helmy,TRUE,https://www.sec.gov/info/smallbus/404guide/intro.shtml,"SOX,ACCOUNTING",Sample Left,tags:LEFT_TAG69,Sample Right,tags:LEFT_TAG70,IDENTITY,mostafa.helmy,Accounting Team daily review - check for unauthorized supplier creation and review of daily transactions.,Remove one of the Cash In or Cash Out conflicts or get VP approval.,,,,,
Sample Policy 70,SOD,This is a sample policy meant to fail but check performance.,IDENTITY,mostafa.helmy,TRUE,https://www.sec.gov/info/smallbus/404guide/intro.shtml,"SOX,ACCOUNTING",Sample Left,tags:LEFT_TAG70,Sample Right,tags:LEFT_TAG71,IDENTITY,mostafa.helmy,Accounting Team daily review - check for unauthorized supplier creation and review of daily transactions.,Remove one of the Cash In or Cash Out conflicts or get VP approval.,,,,,
Sample Policy 71,SOD,This is a sample policy meant to fail but check performance.,IDENTITY,mostafa.helmy,TRUE,https://www.sec.gov/info/smallbus/404guide/intro.shtml,"SOX,ACCOUNTING",Sample Left,tags:LEFT_TAG71,Sample Right,tags:LEFT_TAG72,IDENTITY,mostafa.helmy,Accounting Team daily review - check for unauthorized supplier creation and review of daily transactions.,Remove one of the Cash In or Cash Out conflicts or get VP approval.,,,,,
Sample Policy 72,SOD,This is a sample policy meant to fail but check performance.,IDENTITY,mostafa.helmy,TRUE,https://www.sec.gov/info/smallbus/404guide/intro.shtml,"SOX,ACCOUNTING",Sample Left,tags:LEFT_TAG72,Sample Right,tags:LEFT_TAG73,IDENTITY,mostafa.helmy,Accounting Team daily review - check for unauthorized supplier creation and review of daily transactions.,Remove one of the Cash In or Cash Out conflicts or get VP approval.,,,,,
Sample Policy 73,SOD,This is a sample policy meant to fail but check performance.,IDENTITY,mostafa.helmy,TRUE,https://www.sec.gov/info/smallbus/404guide/intro.shtml,"SOX,ACCOUNTING",Sample Left,tags:LEFT_TAG73,Sample Right,tags:LEFT_TAG74,IDENTITY,mostafa.helmy,Accounting Team daily review - check for unauthorized supplier creation and review of daily transactions.,Remove one of the Cash In or Cash Out conflicts or get VP approval.,,,,,
Sample Policy 74,SOD,This is a sample policy meant to fail but check performance.,IDENTITY,mostafa.helmy,TRUE,https://www.sec.gov/info/smallbus/404guide/intro.shtml,"SOX,ACCOUNTING",Sample Left,tags:LEFT_TAG74,Sample Right,tags:LEFT_TAG75,IDENTITY,mostafa.helmy,Accounting Team daily review - check for unauthorized supplier creation and review of daily transactions.,Remove one of the Cash In or Cash Out conflicts or get VP approval.,,,,,
Sample Policy 75,SOD,This is a sample policy meant to fail but check performance.,IDENTITY,mostafa.helmy,TRUE,https://www.sec.gov/info/smallbus/404guide/intro.shtml,"SOX,ACCOUNTING",Sample Left,tags:LEFT_TAG75,Sample Right,tags:LEFT_TAG76,IDENTITY,mostafa.helmy,Accounting Team daily review - check for unauthorized supplier creation and review of daily transactions.,Remove one of the Cash In or Cash Out conflicts or get VP approval.,,,,,
Sample Policy 76,SOD,This is a sample policy meant to fail but check performance.,IDENTITY,mostafa.helmy,TRUE,https://www.sec.gov/info/smallbus/404guide/intro.shtml,"SOX,ACCOUNTING",Sample Left,tags:LEFT_TAG76,Sample Right,tags:LEFT_TAG77,IDENTITY,mostafa.helmy,Accounting Team daily review - check for unauthorized supplier creation and review of daily transactions.,Remove one of the Cash In or Cash Out conflicts or get VP approval.,,,,,
Sample Policy 77,SOD,This is a sample policy meant to fail but check performance.,IDENTITY,mostafa.helmy,TRUE,https://www.sec.gov/info/smallbus/404guide/intro.shtml,"SOX,ACCOUNTING",Sample Left,tags:LEFT_TAG77,Sample Right,tags:LEFT_TAG78,IDENTITY,mostafa.helmy,Accounting Team daily review - check for unauthorized supplier creation and review of daily transactions.,Remove one of the Cash In or Cash Out conflicts or get VP approval.,,,,,
Sample Policy 78,SOD,This is a sample policy meant to fail but check performance.,IDENTITY,mostafa.helmy,TRUE,https://www.sec.gov/info/smallbus/404guide/intro.shtml,"SOX,ACCOUNTING",Sample Left,tags:LEFT_TAG78,Sample Right,tags:LEFT_TAG79,IDENTITY,mostafa.helmy,Accounting Team daily review - check for unauthorized supplier creation and review of daily transactions.,Remove one of the Cash In or Cash Out conflicts or get VP approval.,,,,,
Sample Policy 79,SOD,This is a sample policy meant to fail but check performance.,IDENTITY,mostafa.helmy,TRUE,https://www.sec.gov/info/smallbus/404guide/intro.shtml,"SOX,ACCOUNTING",Sample Left,tags:LEFT_TAG79,Sample Right,tags:LEFT_TAG80,IDENTITY,mostafa.helmy,Accounting Team daily review - check for unauthorized supplier creation and review of daily transactions.,Remove one of the Cash In or Cash Out conflicts or get VP approval.,,,,,
Sample Policy 80,SOD,This is a sample policy meant to fail but check performance.,IDENTITY,mostafa.helmy,TRUE,https://www.sec.gov/info/smallbus/404guide/intro.shtml,"SOX,ACCOUNTING",Sample Left,tags:LEFT_TAG80,Sample Right,tags:LEFT_TAG81,IDENTITY,mostafa.helmy,Accounting Team daily review - check for unauthorized supplier creation and review of daily transactions.,Remove one of the Cash In or Cash Out conflicts or get VP approval.,,,,,
Sample Policy 81,SOD,This is a sample policy meant to fail but check performance.,IDENTITY,mostafa.helmy,TRUE,https://www.sec.gov/info/smallbus/404guide/intro.shtml,"SOX,ACCOUNTING",Sample Left,tags:LEFT_TAG81,Sample Right,tags:LEFT_TAG82,IDENTITY,mostafa.helmy,Accounting Team daily review - check for unauthorized supplier creation and review of daily transactions.,Remove one of the Cash In or Cash Out conflicts or get VP approval.,,,,,
Sample Policy 82,SOD,This is a sample policy meant to fail but check performance.,IDENTITY,mostafa.helmy,TRUE,https://www.sec.gov/info/smallbus/404guide/intro.shtml,"SOX,ACCOUNTING",Sample Left,tags:LEFT_TAG82,Sample Right,tags:LEFT_TAG83,IDENTITY,mostafa.helmy,Accounting Team daily review - check for unauthorized supplier creation and review of daily transactions.,Remove one of the Cash In or Cash Out conflicts or get VP approval.,,,,,
Sample Policy 83,SOD,This is a sample policy meant to fail but check performance.,IDENTITY,mostafa.helmy,TRUE,https://www.sec.gov/info/smallbus/404guide/intro.shtml,"SOX,ACCOUNTING",Sample Left,tags:LEFT_TAG83,Sample Right,tags:LEFT_TAG84,IDENTITY,mostafa.helmy,Accounting Team daily review - check for unauthorized supplier creation and review of daily transactions.,Remove one of the Cash In or Cash Out conflicts or get VP approval.,,,,,
Sample Policy 84,SOD,This is a sample policy meant to fail but check performance.,IDENTITY,mostafa.helmy,TRUE,https://www.sec.gov/info/smallbus/404guide/intro.shtml,"SOX,ACCOUNTING",Sample Left,tags:LEFT_TAG84,Sample Right,tags:LEFT_TAG85,IDENTITY,mostafa.helmy,Accounting Team daily review - check for unauthorized supplier creation and review of daily transactions.,Remove one of the Cash In or Cash Out conflicts or get VP approval.,,,,,
Sample Policy 85,SOD,This is a sample policy meant to fail but check performance.,IDENTITY,mostafa.helmy,TRUE,https://www.sec.gov/info/smallbus/404guide/intro.shtml,"SOX,ACCOUNTING",Sample Left,tags:LEFT_TAG85,Sample Right,tags:LEFT_TAG86,IDENTITY,mostafa.helmy,Accounting Team daily review - check for unauthorized supplier creation and review of daily transactions.,Remove one of the Cash In or Cash Out conflicts or get VP approval.,,,,,
Sample Policy 86,SOD,This is a sample policy meant to fail but check performance.,IDENTITY,mostafa.helmy,TRUE,https://www.sec.gov/info/smallbus/404guide/intro.shtml,"SOX,ACCOUNTING",Sample Left,tags:LEFT_TAG86,Sample Right,tags:LEFT_TAG87,IDENTITY,mostafa.helmy,Accounting Team daily review - check for unauthorized supplier creation and review of daily transactions.,Remove one of the Cash In or Cash Out conflicts or get VP approval.,,,,,
Sample Policy 87,SOD,This is a sample policy meant to fail but check performance.,IDENTITY,mostafa.helmy,TRUE,https://www.sec.gov/info/smallbus/404guide/intro.shtml,"SOX,ACCOUNTING",Sample Left,tags:LEFT_TAG87,Sample Right,tags:LEFT_TAG88,IDENTITY,mostafa.helmy,Accounting Team daily review - check for unauthorized supplier creation and review of daily transactions.,Remove one of the Cash In or Cash Out conflicts or get VP approval.,,,,,
Sample Policy 88,SOD,This is a sample policy meant to fail but check performance.,IDENTITY,mostafa.helmy,TRUE,https://www.sec.gov/info/smallbus/404guide/intro.shtml,"SOX,ACCOUNTING",Sample Left,tags:LEFT_TAG88,Sample Right,tags:LEFT_TAG89,IDENTITY,mostafa.helmy,Accounting Team daily review - check for unauthorized supplier creation and review of daily transactions.,Remove one of the Cash In or Cash Out conflicts or get VP approval.,,,,,
Sample Policy 89,SOD,This is a sample policy meant to fail but check performance.,IDENTITY,mostafa.helmy,TRUE,https://www.sec.gov/info/smallbus/404guide/intro.shtml,"SOX,ACCOUNTING",Sample Left,tags:LEFT_TAG89,Sample Right,tags:LEFT_TAG90,IDENTITY,mostafa.helmy,Accounting Team daily review - check for unauthorized supplier creation and review of daily transactions.,Remove one of the Cash In or Cash Out conflicts or get VP approval.,,,,,
Sample Policy 90,SOD,This is a sample policy meant to fail but check performance.,IDENTITY,mostafa.helmy,TRUE,https://www.sec.gov/info/smallbus/404guide/intro.shtml,"SOX,ACCOUNTING",Sample Left,tags:LEFT_TAG90,Sample Right,tags:LEFT_TAG91,IDENTITY,mostafa.helmy,Accounting Team daily review - check for unauthorized supplier creation and review of daily transactions.,Remove one of the Cash In or Cash Out conflicts or get VP approval.,,,,,
Sample Policy 91,SOD,This is a sample policy meant to fail but check performance.,IDENTITY,mostafa.helmy,TRUE,https://www.sec.gov/info/smallbus/404guide/intro.shtml,"SOX,ACCOUNTING",Sample Left,tags:LEFT_TAG91,Sample Right,tags:LEFT_TAG92,IDENTITY,mostafa.helmy,Accounting Team daily review - check for unauthorized supplier creation and review of daily transactions.,Remove one of the Cash In or Cash Out conflicts or get VP approval.,,,,,
Sample Policy 92,SOD,This is a sample policy meant to fail but check performance.,IDENTITY,mostafa.helmy,TRUE,https://www.sec.gov/info/smallbus/404guide/intro.shtml,"SOX,ACCOUNTING",Sample Left,tags:LEFT_TAG92,Sample Right,tags:LEFT_TAG93,IDENTITY,mostafa.helmy,Accounting Team daily review - check for unauthorized supplier creation and review of daily transactions.,Remove one of the Cash In or Cash Out conflicts or get VP approval.,,,,,
Sample Policy 93,SOD,This is a sample policy meant to fail but check performance.,IDENTITY,mostafa.helmy,TRUE,https://www.sec.gov/info/smallbus/404guide/intro.shtml,"SOX,ACCOUNTING",Sample Left,tags:LEFT_TAG93,Sample Right,tags:LEFT_TAG94,IDENTITY,mostafa.helmy,Accounting Team daily review - check for unauthorized supplier creation and review of daily transactions.,Remove one of the Cash In or Cash Out conflicts or get VP approval.,,,,,
Sample Policy 94,SOD,This is a sample policy meant to fail but check performance.,IDENTITY,mostafa.helmy,TRUE,https://www.sec.gov/info/smallbus/404guide/intro.shtml,"SOX,ACCOUNTING",Sample Left,tags:LEFT_TAG94,Sample Right,tags:LEFT_TAG95,IDENTITY,mostafa.helmy,Accounting Team daily review - check for unauthorized supplier creation and review of daily transactions.,Remove one of the Cash In or Cash Out conflicts or get VP approval.,,,,,
Sample Policy 95,SOD,This is a sample policy meant to fail but check performance.,IDENTITY,mostafa.helmy,TRUE,https://www.sec.gov/info/smallbus/404guide/intro.shtml,"SOX,ACCOUNTING",Sample Left,tags:LEFT_TAG95,Sample Right,tags:LEFT_TAG96,IDENTITY,mostafa.helmy,Accounting Team daily review - check for unauthorized supplier creation and review of daily transactions.,Remove one of the Cash In or Cash Out conflicts or get VP approval.,,,,,
Sample Policy 96,SOD,This is a sample policy meant to fail but check performance.,IDENTITY,mostafa.helmy,TRUE,https://www.sec.gov/info/smallbus/404guide/intro.shtml,"SOX,ACCOUNTING",Sample Left,tags:LEFT_TAG96,Sample Right,tags:LEFT_TAG97,IDENTITY,mostafa.helmy,Accounting Team daily review - check for unauthorized supplier creation and review of daily transactions.,Remove one of the Cash In or Cash Out conflicts or get VP approval.,,,,,
Sample Policy 97,SOD,This is a sample policy meant to fail but check performance.,IDENTITY,mostafa.helmy,TRUE,https://www.sec.gov/info/smallbus/404guide/intro.shtml,"SOX,ACCOUNTING",Sample Left,tags:LEFT_TAG97,Sample Right,tags:LEFT_TAG98,IDENTITY,mostafa.helmy,Accounting Team daily review - check for unauthorized supplier creation and review of daily transactions.,Remove one of the Cash In or Cash Out conflicts or get VP approval.,,,,,
Sample Policy 98,SOD,This is a sample policy meant to fail but check performance.,IDENTITY,mostafa.helmy,TRUE,https://www.sec.gov/info/smallbus/404guide/intro.shtml,"SOX,ACCOUNTING",Sample Left,tags:LEFT_TAG98,Sample Right,tags:LEFT_TAG99,IDENTITY,mostafa.helmy,Accounting Team daily review - check for unauthorized supplier creation and review of daily transactions.,Remove one of the Cash In or Cash Out conflicts or get VP approval.,,,,,
Sample Policy 99,SOD,This is a sample policy meant to fail but check performance.,IDENTITY,mostafa.helmy,TRUE,https://www.sec.gov/info/smallbus/404guide/intro.shtml,"SOX,ACCOUNTING",Sample Left,tags:LEFT_TAG99,Sample Right,tags:LEFT_TAG100,IDENTITY,mostafa.helmy,Accounting Team daily review - check for unauthorized supplier creation and review of daily transactions.,Remove one of the Cash In or Cash Out conflicts or get VP approval.,,,,,
Sample Policy 100,SOD,This is a sample policy meant to fail but check performance.,IDENTITY,mostafa.helmy,TRUE,https://www.sec.gov/info/smallbus/404guide/intro.shtml,"SOX,ACCOUNTING",Sample Left,tags:LEFT_TAG100,Sample Right,tags:LEFT_TAG101,IDENTITY,mostafa.helmy,Accounting Team daily review - check for unauthorized supplier creation and review of daily transactions.,Remove one of the Cash In or Cash Out conflicts or get VP approval.,,,,,
